Type,Name,Request Count,Failure Count,Median Response Time,Average Response Time,Min Response Time,Max Response Time,Average Content Size,Requests/s,Failures/s,50%,66%,75%,80%,90%,95%,98%,99%,99.9%,99.99%,100%
GET,GET /,2344,0,5,27.543273592173975,1.4666999923065305,2146.6015000187326,60.0,7.849121999398851,0.0,5,6,8,9,19,73,210,360,2100,2100,2100
GET,GET /health,7889,0,4,27.969630421979396,1.4788999978918582,2231.45459999796,110.0,26.417117514188366,0.0,4,6,7,9,16,67,200,370,2100,2200,2200
GET,GET /jobs/public,3941,0,960.0,2172.657728901135,523.846299998695,25859.333100001095,2449.0,13.196838651719654,0.0,960,1400,2100,3600,4700,6800,16000,16000,20000,26000,26000
POST,POST /auth/login,1582,0,9,36.85206175768467,3.185999987181276,2145.7510000036564,68.0,5.297487629287108,0.0,9,11,14,17,33,110,280,470,2100,2100,2100
,Aggregated,15756,0,7,565.2423152449281,1.4666999923065305,25859.333100001095,683.3914064483372,52.76056579459398,0.0,7,16,580,680,1300,3600,5500,7800,19000,24000,26000
