Type,Name,Request Count,Failure Count,Median Response Time,Average Response Time,Min Response Time,Max Response Time,Average Content Size,Requests/s,Failures/s,50%,66%,75%,80%,90%,95%,98%,99%,99.9%,99.99%,100%
GET,GET /,2753,0,5,57.96899898286191,1.4987000031396747,2310.865000006743,60.0,9.219310301115927,0.0,5,7,8,10,16,33,2100,2100,2300,2300,2300
GET,GET /health,8848,0,5,42.63424219027682,1.3935999886598438,2445.5852000101004,110.0,29.630387774890565,0.0,5,6,8,10,15,25,300,2100,2300,2400,2400
GET,GET /jobs/public,4339,30,12000.0,11253.075770108484,602.0961999893188,30681.20560000534,2432.2127218253054,14.530543914472215,0.10046469634343545,12000,16000,18000,18000,21000,23000,24000,25000,30000,31000,31000
POST,POST /auth/login,1796,0,9,45.48171525659366,3.0473000078927726,2319.230499997502,68.0,6.014486487760336,0.0,9,12,15,17,26,44,320,2100,2300,2300,2300
,Aggregated,17736,30,7,2787.86633717868,1.3935999886598438,30681.20560000534,666.1005299954894,59.39472847823904,0.10046469634343545,7,14,1800,4000,13000,18000,22000,23000,30000,31000,31000
