Type,Name,Request Count,Failure Count,Median Response Time,Average Response Time,Min Response Time,Max Response Time,Average Content Size,Requests/s,Failures/s,50%,66%,75%,80%,90%,95%,98%,99%,99.9%,99.99%,100%
GET,GET /,5783,0,5,44.486551322417576,1.1720999900717288,3023.2972000085283,60.0,13.298135641315602,0.0,5,6,8,9,13,23,360,2100,2200,3000,3000
GET,GET /health,19434,0,5,43.683756709949584,0.9798999817576259,2477.508400013903,110.0,44.68891026341473,0.0,5,6,7,8,13,22,350,2100,2200,2500,2500
GET,GET /jobs/public,9223,151,17000.0,17259.323638403912,594.8723000183236,35012.581100018,2409.248509161878,21.208491270941344,0.3472278197888044,17000,19000,20000,21000,24000,28000,30000,30000,35000,35000,35000
POST,POST /auth/login,3900,0,9,60.09644533330664,2.213599975220859,2478.359400003683,68.0,8.96813574288965,0.0,9,11,14,16,24,40,2000,2200,2400,2500,2500
,Aggregated,38340,151,7,4186.83708680222,0.9798999817576259,35012.581100018,651.2889671361503,88.16367291856133,0.3472278197888044,7,13,1100,13000,18000,21000,25000,28000,33000,35000,35000
