Type,Name,Request Count,Failure Count,Median Response Time,Average Response Time,Min Response Time,Max Response Time,Average Content Size,Requests/s,Failures/s,50%,66%,75%,80%,90%,95%,98%,99%,99.9%,99.99%,100%
GET,GET /,7690,0,5,73.91857945339655,1.1720999900717288,4507.71760000498,60.0,12.835634910515402,0.0,5,7,8,10,17,90,2000,2100,2700,4500,4500
GET,GET /health,25959,1,5,73.32205078395695,0.9798999817576259,5139.27829999011,109.99576254863439,43.329030772700825,0.0016691332783505075,5,6,8,9,17,76,2000,2100,3400,4800,5100
GET,GET /jobs/public,12371,894,17000.0,18365.993294842738,35.02559999469668,45100.283500010846,2273.5369816506345,20.64884778647413,1.4922051508453535,17000,19000,23000,24000,30000,30000,33000,36000,44000,45000,45000
POST,POST /auth/login,5196,1,9,95.10037384510342,2.213599975220859,5382.501000014599,67.9869130100077,8.672816514309236,0.0016691332783505075,9,12,15,18,31,190,2100,2200,3200,5400,5400
,Aggregated,51216,896,7,4494.135535482966,0.9798999817576259,45100.283500010846,620.8209543892533,85.48632998399958,1.4955434174020545,7,15,2100,12000,18000,24000,30000,31000,40000,45000,45000
